Source	Contig	Bin	Support
data/bin_0.fna	NODE_11_length_361162_cov_0.994737	data/bin_0.fna	1.0
data/bin_0.fna	NODE_122_length_70145_cov_1.006926	data/bin_0.fna	1.0
data/bin_0.fna	NODE_125_length_67569_cov_0.966048	data/bin_0.fna	1.0
data/bin_0.fna	NODE_174_length_44294_cov_1.043081	data/bin_0.fna	1.0
data/bin_0.fna	NODE_180_length_42967_cov_4.109275	data/bin_0.fna	1.0
data/bin_0.fna	NODE_185_length_42263_cov_3.484790	data/bin_0.fna	1.0
data/bin_0.fna	NODE_22_length_276589_cov_1.002243	data/bin_0.fna	1.0
data/bin_0.fna	NODE_299_length_16153_cov_0.948353	data/bin_0.fna	1.0
data/bin_0.fna	NODE_30_length_250319_cov_0.996846	data/bin_0.fna	1.0
data/bin_0.fna	NODE_320_length_14272_cov_0.964313	data/bin_0.fna	1.0
data/bin_0.fna	NODE_36_length_237323_cov_1.010459	data/bin_0.fna	1.0
data/bin_0.fna	NODE_45_length_195603_cov_0.998394	data/bin_0.fna	1.0
data/bin_0.fna	NODE_492_length_7094_cov_0.981213	data/bin_0.fna	1.0
data/bin_0.fna	NODE_5_length_607162_cov_1.000802	data/bin_0.fna	1.0
data/bin_0.fna	NODE_63_length_148210_cov_0.989520	data/bin_0.fna	1.0
data/bin_0.fna	NODE_64_length_140564_cov_0.998099	data/bin_0.fna	1.0
data/bin_0.fna	NODE_690_length_3198_cov_1.000650	data/bin_0.fna	1.0
data/bin_0.fna	NODE_76_length_120051_cov_0.999250	data/bin_0.fna	1.0
data/bin_0.fna	NODE_790_length_2141_cov_0.212871	data/bin_0.fna	1.0
data/bin_0.fna	NODE_810_length_1952_cov_1.976516	data/bin_0.fna	1.0
data/bin_0.fna	NODE_811_length_1951_cov_1.404918	data/bin_0.fna	1.0
data/bin_0.fna	NODE_844_length_1691_cov_0.905732	data/bin_0.fna	1.0
data/bin_0.fna	NODE_88_length_103162_cov_0.990538	data/bin_0.fna	1.0
data/bin_0.fna	NODE_93_length_96868_cov_0.989085	data/bin_0.fna	1.0
data/bin_0.fna	NODE_9_length_392609_cov_1.038712	data/bin_0.fna	1.0
data/bin_1.fna	NODE_182_length_42779_cov_1.585353	data/bin_1.fna	1.0
data/bin_1.fna	NODE_29_length_251715_cov_1.181646	data/bin_1.fna	1.0
data/bin_1.fna	NODE_2_length_869699_cov_1.172445	data/bin_1.fna	1.0
data/bin_1.fna	NODE_33_length_245352_cov_1.176462	data/bin_1.fna	1.0
data/bin_1.fna	NODE_538_length_5959_cov_0.179000	data/bin_1.fna	1.0
data/bin_1.fna	NODE_613_length_4574_cov_0.167528	data/bin_1.fna	1.0
data/bin_1.fna	NODE_663_length_3606_cov_0.249354	data/bin_1.fna	1.0
data/bin_1.fna	NODE_66_length_139666_cov_1.181913	data/bin_1.fna	1.0
data/bin_1.fna	NODE_720_length_2843_cov_1.095885	data/bin_1.fna	1.0
data/bin_1.fna	NODE_83_length_110047_cov_1.162155	data/bin_1.fna	1.0
data/bin_2.fna	NODE_187_length_41752_cov_3.907329	data/bin_2.fna	1.0
data/bin_2.fna	NODE_191_length_39469_cov_0.189717	data/bin_2.fna	1.0
data/bin_2.fna	NODE_204_length_34506_cov_0.174175	data/bin_2.fna	1.0
data/bin_2.fna	NODE_207_length_33338_cov_0.193214	data/bin_2.fna	1.0
data/bin_2.fna	NODE_208_length_33270_cov_0.181091	data/bin_2.fna	1.0
data/bin_2.fna	NODE_209_length_33142_cov_0.179340	data/bin_2.fna	1.0
data/bin_2.fna	NODE_214_length_32108_cov_0.175634	data/bin_2.fna	1.0
data/bin_2.fna	NODE_217_length_30305_cov_0.179797	data/bin_2.fna	1.0
data/bin_2.fna	NODE_218_length_30151_cov_0.191675	data/bin_2.fna	1.0
data/bin_2.fna	NODE_220_length_29835_cov_0.192233	data/bin_2.fna	1.0
data/bin_2.fna	NODE_223_length_28632_cov_0.175441	data/bin_2.fna	1.0
data/bin_2.fna	NODE_226_length_28416_cov_0.177028	data/bin_2.fna	1.0
data/bin_2.fna	NODE_228_length_27646_cov_0.186848	data/bin_2.fna	1.0
data/bin_2.fna	NODE_232_length_26513_cov_0.194150	data/bin_2.fna	1.0
data/bin_2.fna	NODE_236_length_25266_cov_0.191450	data/bin_2.fna	1.0
data/bin_2.fna	NODE_237_length_25256_cov_0.180545	data/bin_2.fna	1.0
data/bin_2.fna	NODE_238_length_24829_cov_0.185284	data/bin_2.fna	1.0
data/bin_2.fna	NODE_239_length_24406_cov_0.186329	data/bin_2.fna	1.0
data/bin_2.fna	NODE_245_length_23622_cov_0.170716	data/bin_2.fna	1.0
data/bin_2.fna	NODE_248_length_23252_cov_0.183390	data/bin_2.fna	1.0
data/bin_2.fna	NODE_249_length_22733_cov_0.185831	data/bin_2.fna	1.0
data/bin_2.fna	NODE_252_length_22446_cov_0.183203	data/bin_2.fna	1.0
data/bin_2.fna	NODE_256_length_21611_cov_0.199581	data/bin_2.fna	1.0
data/bin_2.fna	NODE_257_length_21396_cov_0.192996	data/bin_2.fna	1.0
data/bin_2.fna	NODE_259_length_21213_cov_0.189029	data/bin_2.fna	1.0
data/bin_2.fna	NODE_260_length_20961_cov_0.190259	data/bin_2.fna	1.0
data/bin_2.fna	NODE_264_length_20519_cov_0.173595	data/bin_2.fna	1.0
data/bin_2.fna	NODE_271_length_19724_cov_0.176504	data/bin_2.fna	1.0
data/bin_2.fna	NODE_273_length_19626_cov_0.192310	data/bin_2.fna	1.0
data/bin_2.fna	NODE_276_length_19295_cov_0.187024	data/bin_2.fna	1.0
data/bin_2.fna	NODE_280_length_18914_cov_0.182728	data/bin_2.fna	1.0
data/bin_2.fna	NODE_282_length_18317_cov_0.197626	data/bin_2.fna	1.0
data/bin_2.fna	NODE_284_length_18151_cov_0.175818	data/bin_2.fna	1.0
data/bin_2.fna	NODE_287_length_18059_cov_0.173598	data/bin_2.fna	1.0
data/bin_2.fna	NODE_290_length_17829_cov_0.170149	data/bin_2.fna	1.0
data/bin_2.fna	NODE_292_length_17335_cov_0.182468	data/bin_2.fna	1.0
data/bin_2.fna	NODE_293_length_17261_cov_0.176371	data/bin_2.fna	1.0
data/bin_2.fna	NODE_295_length_17093_cov_0.180297	data/bin_2.fna	1.0
data/bin_2.fna	NODE_296_length_16979_cov_0.182406	data/bin_2.fna	1.0
data/bin_2.fna	NODE_298_length_16222_cov_0.187380	data/bin_2.fna	1.0
data/bin_2.fna	NODE_300_length_16010_cov_0.161684	data/bin_2.fna	1.0
data/bin_2.fna	NODE_302_length_15764_cov_0.183852	data/bin_2.fna	1.0
data/bin_2.fna	NODE_304_length_15325_cov_0.141476	data/bin_2.fna	1.0
data/bin_2.fna	NODE_305_length_15236_cov_0.179821	data/bin_2.fna	1.0
data/bin_2.fna	NODE_306_length_15236_cov_0.162157	data/bin_2.fna	1.0
data/bin_2.fna	NODE_307_length_15229_cov_0.175073	data/bin_2.fna	1.0
data/bin_2.fna	NODE_311_length_14768_cov_0.202635	data/bin_2.fna	1.0
data/bin_2.fna	NODE_314_length_14661_cov_0.331155	data/bin_2.fna	1.0
data/bin_2.fna	NODE_315_length_14589_cov_0.186481	data/bin_2.fna	1.0
data/bin_2.fna	NODE_318_length_14369_cov_0.189079	data/bin_2.fna	1.0
data/bin_2.fna	NODE_321_length_14244_cov_0.188345	data/bin_2.fna	1.0
data/bin_2.fna	NODE_322_length_14217_cov_0.192608	data/bin_2.fna	1.0
data/bin_2.fna	NODE_324_length_14168_cov_0.178615	data/bin_2.fna	1.0
data/bin_2.fna	NODE_325_length_14081_cov_0.188682	data/bin_2.fna	1.0
data/bin_2.fna	NODE_327_length_13707_cov_0.193434	data/bin_2.fna	1.0
data/bin_2.fna	NODE_329_length_13605_cov_0.177247	data/bin_2.fna	1.0
data/bin_2.fna	NODE_331_length_13413_cov_0.179958	data/bin_2.fna	1.0
data/bin_2.fna	NODE_334_length_13286_cov_0.199468	data/bin_2.fna	1.0
data/bin_2.fna	NODE_335_length_13229_cov_0.158987	data/bin_2.fna	1.0
data/bin_2.fna	NODE_336_length_13183_cov_0.199127	data/bin_2.fna	1.0
data/bin_2.fna	NODE_337_length_13067_cov_0.174340	data/bin_2.fna	1.0
data/bin_2.fna	NODE_338_length_13054_cov_0.180778	data/bin_2.fna	1.0
data/bin_2.fna	NODE_339_length_13044_cov_0.178442	data/bin_2.fna	1.0
data/bin_2.fna	NODE_340_length_13031_cov_0.202711	data/bin_2.fna	1.0
data/bin_2.fna	NODE_341_length_13028_cov_0.192531	data/bin_2.fna	1.0
data/bin_2.fna	NODE_343_length_13010_cov_0.175731	data/bin_2.fna	1.0
data/bin_2.fna	NODE_344_length_12932_cov_0.190149	data/bin_2.fna	1.0
data/bin_2.fna	NODE_345_length_12918_cov_0.181214	data/bin_2.fna	1.0
data/bin_2.fna	NODE_347_length_12843_cov_0.187392	data/bin_2.fna	1.0
data/bin_2.fna	NODE_349_length_12775_cov_0.191086	data/bin_2.fna	1.0
data/bin_2.fna	NODE_350_length_12764_cov_0.198054	data/bin_2.fna	1.0
data/bin_2.fna	NODE_352_length_12676_cov_0.193070	data/bin_2.fna	1.0
data/bin_2.fna	NODE_353_length_12659_cov_0.187430	data/bin_2.fna	1.0
data/bin_2.fna	NODE_356_length_12320_cov_0.196655	data/bin_2.fna	1.0
data/bin_2.fna	NODE_357_length_12312_cov_0.184152	data/bin_2.fna	1.0
data/bin_2.fna	NODE_358_length_12297_cov_0.192263	data/bin_2.fna	1.0
data/bin_2.fna	NODE_359_length_12085_cov_0.193414	data/bin_2.fna	1.0
data/bin_2.fna	NODE_360_length_12032_cov_0.182688	data/bin_2.fna	1.0
data/bin_2.fna	NODE_361_length_12020_cov_0.222120	data/bin_2.fna	1.0
data/bin_2.fna	NODE_362_length_12013_cov_0.181046	data/bin_2.fna	1.0
data/bin_2.fna	NODE_363_length_12006_cov_0.184518	data/bin_2.fna	1.0
data/bin_2.fna	NODE_366_length_11966_cov_0.195188	data/bin_2.fna	1.0
data/bin_2.fna	NODE_367_length_11923_cov_0.177597	data/bin_2.fna	1.0
data/bin_2.fna	NODE_369_length_11802_cov_0.187227	data/bin_2.fna	1.0
data/bin_2.fna	NODE_370_length_11767_cov_0.200670	data/bin_2.fna	1.0
data/bin_2.fna	NODE_371_length_11698_cov_0.209640	data/bin_2.fna	1.0
data/bin_2.fna	NODE_372_length_11652_cov_0.184893	data/bin_2.fna	1.0
data/bin_2.fna	NODE_373_length_11564_cov_0.179149	data/bin_2.fna	1.0
data/bin_2.fna	NODE_375_length_11140_cov_0.168436	data/bin_2.fna	1.0
data/bin_2.fna	NODE_376_length_11072_cov_0.208200	data/bin_2.fna	1.0
data/bin_2.fna	NODE_377_length_11032_cov_0.174319	data/bin_2.fna	1.0
data/bin_2.fna	NODE_378_length_11021_cov_0.183578	data/bin_2.fna	1.0
data/bin_2.fna	NODE_379_length_11011_cov_0.197521	data/bin_2.fna	1.0
data/bin_2.fna	NODE_380_length_10997_cov_0.177179	data/bin_2.fna	1.0
data/bin_2.fna	NODE_381_length_10944_cov_0.180726	data/bin_2.fna	1.0
data/bin_2.fna	NODE_382_length_10841_cov_0.159422	data/bin_2.fna	1.0
data/bin_2.fna	NODE_383_length_10805_cov_0.159678	data/bin_2.fna	1.0
data/bin_2.fna	NODE_384_length_10779_cov_0.178082	data/bin_2.fna	1.0
data/bin_2.fna	NODE_385_length_10657_cov_0.188497	data/bin_2.fna	1.0
data/bin_2.fna	NODE_386_length_10534_cov_0.221742	data/bin_2.fna	1.0
data/bin_2.fna	NODE_388_length_10458_cov_0.188643	data/bin_2.fna	1.0
data/bin_2.fna	NODE_389_length_10326_cov_0.179814	data/bin_2.fna	1.0
data/bin_2.fna	NODE_390_length_10311_cov_0.180177	data/bin_2.fna	1.0
data/bin_2.fna	NODE_391_length_10280_cov_0.218427	data/bin_2.fna	1.0
data/bin_2.fna	NODE_392_length_10173_cov_0.163649	data/bin_2.fna	1.0
data/bin_2.fna	NODE_393_length_10047_cov_0.199375	data/bin_2.fna	1.0
data/bin_2.fna	NODE_394_length_10044_cov_0.184319	data/bin_2.fna	1.0
data/bin_2.fna	NODE_396_length_10027_cov_0.192812	data/bin_2.fna	1.0
data/bin_2.fna	NODE_398_length_9927_cov_0.816031	data/bin_2.fna	1.0
data/bin_2.fna	NODE_399_length_9917_cov_0.190384	data/bin_2.fna	1.0
data/bin_2.fna	NODE_401_length_9880_cov_0.165283	data/bin_2.fna	1.0
data/bin_2.fna	NODE_404_length_9796_cov_0.190491	data/bin_2.fna	1.0
data/bin_2.fna	NODE_406_length_9749_cov_0.203469	data/bin_2.fna	1.0
data/bin_2.fna	NODE_407_length_9650_cov_0.254276	data/bin_2.fna	1.0
data/bin_2.fna	NODE_408_length_9646_cov_0.196535	data/bin_2.fna	1.0
data/bin_2.fna	NODE_411_length_9442_cov_0.177663	data/bin_2.fna	1.0
data/bin_2.fna	NODE_412_length_9441_cov_0.178648	data/bin_2.fna	1.0
data/bin_2.fna	NODE_413_length_9434_cov_0.168367	data/bin_2.fna	1.0
data/bin_2.fna	NODE_414_length_9424_cov_0.200365	data/bin_2.fna	1.0
data/bin_2.fna	NODE_415_length_9334_cov_0.195810	data/bin_2.fna	1.0
data/bin_2.fna	NODE_416_length_9329_cov_0.184839	data/bin_2.fna	1.0
data/bin_2.fna	NODE_418_length_9253_cov_0.199956	data/bin_2.fna	1.0
data/bin_2.fna	NODE_419_length_9195_cov_0.160238	data/bin_2.fna	1.0
data/bin_2.fna	NODE_420_length_9188_cov_0.197309	data/bin_2.fna	1.0
data/bin_2.fna	NODE_422_length_9143_cov_0.181556	data/bin_2.fna	1.0
data/bin_2.fna	NODE_423_length_9142_cov_0.188560	data/bin_2.fna	1.0
data/bin_2.fna	NODE_424_length_9121_cov_0.186889	data/bin_2.fna	1.0
data/bin_2.fna	NODE_425_length_9047_cov_0.176115	data/bin_2.fna	1.0
data/bin_2.fna	NODE_427_length_9006_cov_0.169274	data/bin_2.fna	1.0
data/bin_2.fna	NODE_429_length_8964_cov_0.170530	data/bin_2.fna	1.0
data/bin_2.fna	NODE_430_length_8934_cov_0.175536	data/bin_2.fna	1.0
data/bin_2.fna	NODE_431_length_8892_cov_0.180937	data/bin_2.fna	1.0
data/bin_2.fna	NODE_433_length_8824_cov_0.169826	data/bin_2.fna	1.0
data/bin_2.fna	NODE_434_length_8802_cov_0.688400	data/bin_2.fna	1.0
data/bin_2.fna	NODE_435_length_8778_cov_0.177660	data/bin_2.fna	1.0
data/bin_2.fna	NODE_436_length_8758_cov_0.200069	data/bin_2.fna	1.0
data/bin_2.fna	NODE_437_length_8716_cov_0.198371	data/bin_2.fna	1.0
data/bin_2.fna	NODE_438_length_8657_cov_0.172798	data/bin_2.fna	1.0
data/bin_2.fna	NODE_439_length_8656_cov_0.169420	data/bin_2.fna	1.0
data/bin_2.fna	NODE_440_length_8640_cov_0.185585	data/bin_2.fna	1.0
data/bin_2.fna	NODE_441_length_8616_cov_0.172454	data/bin_2.fna	1.0
data/bin_2.fna	NODE_442_length_8611_cov_0.195289	data/bin_2.fna	1.0
data/bin_2.fna	NODE_443_length_8611_cov_0.177856	data/bin_2.fna	1.0
data/bin_2.fna	NODE_445_length_8574_cov_0.174494	data/bin_2.fna	1.0
data/bin_2.fna	NODE_446_length_8540_cov_0.206794	data/bin_2.fna	1.0
data/bin_2.fna	NODE_447_length_8520_cov_0.167758	data/bin_2.fna	1.0
data/bin_2.fna	NODE_448_length_8460_cov_0.185154	data/bin_2.fna	1.0
data/bin_2.fna	NODE_449_length_8443_cov_0.196828	data/bin_2.fna	1.0
data/bin_2.fna	NODE_450_length_8393_cov_0.187258	data/bin_2.fna	1.0
data/bin_2.fna	NODE_451_length_8278_cov_0.170283	data/bin_2.fna	1.0
data/bin_2.fna	NODE_452_length_8270_cov_0.201006	data/bin_2.fna	1.0
data/bin_2.fna	NODE_454_length_8175_cov_0.219022	data/bin_2.fna	1.0
data/bin_2.fna	NODE_455_length_8163_cov_0.197339	data/bin_2.fna	1.0
data/bin_2.fna	NODE_456_length_8130_cov_0.177550	data/bin_2.fna	1.0
data/bin_2.fna	NODE_457_length_8129_cov_0.187937	data/bin_2.fna	1.0
data/bin_2.fna	NODE_458_length_8098_cov_0.163470	data/bin_2.fna	1.0
data/bin_2.fna	NODE_459_length_7861_cov_0.200646	data/bin_2.fna	1.0
data/bin_2.fna	NODE_461_length_7835_cov_0.170729	data/bin_2.fna	1.0
data/bin_2.fna	NODE_462_length_7829_cov_0.168007	data/bin_2.fna	1.0
data/bin_2.fna	NODE_463_length_7794_cov_0.208263	data/bin_2.fna	1.0
data/bin_2.fna	NODE_464_length_7740_cov_0.187557	data/bin_2.fna	1.0
data/bin_2.fna	NODE_465_length_7734_cov_0.171549	data/bin_2.fna	1.0
data/bin_2.fna	NODE_466_length_7730_cov_0.184124	data/bin_2.fna	1.0
data/bin_2.fna	NODE_467_length_7707_cov_0.177564	data/bin_2.fna	1.0
data/bin_2.fna	NODE_468_length_7691_cov_0.177807	data/bin_2.fna	1.0
data/bin_2.fna	NODE_469_length_7688_cov_0.198361	data/bin_2.fna	1.0
data/bin_2.fna	NODE_471_length_7601_cov_0.196524	data/bin_2.fna	1.0
data/bin_2.fna	NODE_472_length_7566_cov_0.196373	data/bin_2.fna	1.0
data/bin_2.fna	NODE_473_length_7555_cov_0.162631	data/bin_2.fna	1.0
data/bin_2.fna	NODE_474_length_7530_cov_0.170468	data/bin_2.fna	1.0
data/bin_2.fna	NODE_475_length_7527_cov_0.190656	data/bin_2.fna	1.0
data/bin_2.fna	NODE_476_length_7499_cov_0.157766	data/bin_2.fna	1.0
data/bin_2.fna	NODE_478_length_7437_cov_0.180837	data/bin_2.fna	1.0
data/bin_2.fna	NODE_479_length_7436_cov_0.268489	data/bin_2.fna	1.0
data/bin_2.fna	NODE_480_length_7388_cov_0.176689	data/bin_2.fna	1.0
data/bin_2.fna	NODE_481_length_7375_cov_0.181004	data/bin_2.fna	1.0
data/bin_2.fna	NODE_484_length_7317_cov_0.174680	data/bin_2.fna	1.0
data/bin_2.fna	NODE_485_length_7316_cov_0.198888	data/bin_2.fna	1.0
data/bin_2.fna	NODE_486_length_7240_cov_0.166877	data/bin_2.fna	1.0
data/bin_2.fna	NODE_488_length_7186_cov_0.195895	data/bin_2.fna	1.0
data/bin_2.fna	NODE_491_length_7099_cov_0.183720	data/bin_2.fna	1.0
data/bin_2.fna	NODE_493_length_7071_cov_0.157410	data/bin_2.fna	1.0
data/bin_2.fna	NODE_494_length_7011_cov_0.178810	data/bin_2.fna	1.0
data/bin_2.fna	NODE_495_length_6999_cov_0.199767	data/bin_2.fna	1.0
data/bin_2.fna	NODE_497_length_6883_cov_0.617865	data/bin_2.fna	1.0
data/bin_2.fna	NODE_498_length_6812_cov_0.170826	data/bin_2.fna	1.0
data/bin_2.fna	NODE_499_length_6788_cov_0.169492	data/bin_2.fna	1.0
data/bin_2.fna	NODE_500_length_6785_cov_0.166867	data/bin_2.fna	1.0
data/bin_2.fna	NODE_501_length_6736_cov_0.182313	data/bin_2.fna	1.0
data/bin_2.fna	NODE_502_length_6728_cov_0.192372	data/bin_2.fna	1.0
data/bin_2.fna	NODE_503_length_6694_cov_0.206755	data/bin_2.fna	1.0
data/bin_2.fna	NODE_504_length_6662_cov_0.178719	data/bin_2.fna	1.0
data/bin_2.fna	NODE_505_length_6661_cov_0.175841	data/bin_2.fna	1.0
data/bin_2.fna	NODE_506_length_6616_cov_0.202156	data/bin_2.fna	1.0
data/bin_2.fna	NODE_507_length_6603_cov_0.170935	data/bin_2.fna	1.0
data/bin_2.fna	NODE_508_length_6587_cov_0.184349	data/bin_2.fna	1.0
data/bin_2.fna	NODE_509_length_6522_cov_0.184971	data/bin_2.fna	1.0
data/bin_2.fna	NODE_510_length_6456_cov_0.162273	data/bin_2.fna	1.0
data/bin_2.fna	NODE_511_length_6426_cov_0.190325	data/bin_2.fna	1.0
data/bin_2.fna	NODE_513_length_6351_cov_0.202247	data/bin_2.fna	1.0
data/bin_2.fna	NODE_516_length_6342_cov_0.186626	data/bin_2.fna	1.0
data/bin_2.fna	NODE_517_length_6341_cov_0.354341	data/bin_2.fna	1.0
data/bin_2.fna	NODE_518_length_6325_cov_0.176338	data/bin_2.fna	1.0
data/bin_2.fna	NODE_519_length_6324_cov_0.185394	data/bin_2.fna	1.0
data/bin_2.fna	NODE_520_length_6310_cov_0.175957	data/bin_2.fna	1.0
data/bin_2.fna	NODE_521_length_6291_cov_0.416207	data/bin_2.fna	1.0
data/bin_2.fna	NODE_523_length_6208_cov_0.197141	data/bin_2.fna	1.0
data/bin_2.fna	NODE_524_length_6187_cov_0.162545	data/bin_2.fna	1.0
data/bin_2.fna	NODE_526_length_6180_cov_0.198218	data/bin_2.fna	1.0
data/bin_2.fna	NODE_527_length_6166_cov_0.476758	unassigned	1.0
data/bin_2.fna	NODE_528_length_6166_cov_0.143755	data/bin_2.fna	1.0
data/bin_2.fna	NODE_530_length_6123_cov_0.193102	data/bin_2.fna	1.0
data/bin_2.fna	NODE_531_length_6112_cov_0.169922	data/bin_2.fna	1.0
data/bin_2.fna	NODE_532_length_6097_cov_0.182564	data/bin_2.fna	1.0
data/bin_2.fna	NODE_533_length_6086_cov_0.197988	data/bin_2.fna	1.0
data/bin_2.fna	NODE_534_length_6060_cov_0.166358	data/bin_2.fna	1.0
data/bin_2.fna	NODE_535_length_6021_cov_0.172034	data/bin_2.fna	1.0
data/bin_2.fna	NODE_537_length_5964_cov_0.157282	data/bin_2.fna	1.0
data/bin_2.fna	NODE_540_length_5917_cov_0.178916	data/bin_2.fna	1.0
data/bin_2.fna	NODE_541_length_5901_cov_0.197059	data/bin_2.fna	1.0
data/bin_2.fna	NODE_543_length_5858_cov_0.154610	data/bin_2.fna	1.0
data/bin_2.fna	NODE_544_length_5791_cov_0.350088	data/bin_2.fna	1.0
data/bin_2.fna	NODE_545_length_5783_cov_0.275521	data/bin_2.fna	1.0
data/bin_2.fna	NODE_546_length_5728_cov_0.182094	data/bin_2.fna	1.0
data/bin_2.fna	NODE_547_length_5712_cov_0.175282	data/bin_2.fna	1.0
data/bin_2.fna	NODE_548_length_5698_cov_0.201721	data/bin_2.fna	1.0
data/bin_2.fna	NODE_549_length_5674_cov_0.160814	data/bin_2.fna	1.0
data/bin_2.fna	NODE_550_length_5660_cov_0.184871	data/bin_2.fna	1.0
data/bin_2.fna	NODE_551_length_5660_cov_0.165914	data/bin_2.fna	1.0
data/bin_2.fna	NODE_552_length_5654_cov_0.176577	data/bin_2.fna	1.0
data/bin_2.fna	NODE_554_length_5583_cov_0.186928	data/bin_2.fna	1.0
data/bin_2.fna	NODE_557_length_5544_cov_0.187719	data/bin_2.fna	1.0
data/bin_2.fna	NODE_558_length_5528_cov_0.187720	data/bin_2.fna	1.0
data/bin_2.fna	NODE_559_length_5509_cov_0.197661	data/bin_2.fna	1.0
data/bin_2.fna	NODE_560_length_5476_cov_0.192530	data/bin_2.fna	1.0
data/bin_2.fna	NODE_561_length_5476_cov_0.170121	data/bin_2.fna	1.0
data/bin_2.fna	NODE_562_length_5461_cov_0.198876	data/bin_2.fna	1.0
data/bin_2.fna	NODE_563_length_5459_cov_0.188273	data/bin_2.fna	1.0
data/bin_2.fna	NODE_564_length_5447_cov_0.212730	data/bin_2.fna	1.0
data/bin_2.fna	NODE_565_length_5410_cov_0.166383	data/bin_2.fna	1.0
data/bin_2.fna	NODE_566_length_5355_cov_0.198128	data/bin_2.fna	1.0
data/bin_2.fna	NODE_567_length_5351_cov_0.214340	data/bin_2.fna	1.0
data/bin_2.fna	NODE_568_length_5337_cov_0.169287	data/bin_2.fna	1.0
data/bin_2.fna	NODE_570_length_5327_cov_0.208605	data/bin_2.fna	1.0
data/bin_2.fna	NODE_571_length_5278_cov_0.156680	data/bin_2.fna	1.0
data/bin_2.fna	NODE_572_length_5264_cov_0.201633	data/bin_2.fna	1.0
data/bin_2.fna	NODE_576_length_5138_cov_0.161451	data/bin_2.fna	1.0
data/bin_2.fna	NODE_577_length_5126_cov_0.185614	data/bin_2.fna	1.0
data/bin_2.fna	NODE_578_length_5125_cov_0.194644	data/bin_2.fna	1.0
data/bin_2.fna	NODE_579_length_5124_cov_0.187088	data/bin_2.fna	1.0
data/bin_2.fna	NODE_582_length_5071_cov_0.200808	data/bin_2.fna	1.0
data/bin_2.fna	NODE_583_length_5064_cov_0.192393	data/bin_2.fna	1.0
data/bin_2.fna	NODE_585_length_5015_cov_0.196363	data/bin_2.fna	1.0
data/bin_2.fna	NODE_587_length_4973_cov_0.720322	data/bin_2.fna	1.0
data/bin_2.fna	NODE_588_length_4933_cov_0.181837	data/bin_2.fna	1.0
data/bin_2.fna	NODE_589_length_4921_cov_0.167083	data/bin_2.fna	1.0
data/bin_2.fna	NODE_591_length_4887_cov_0.151909	data/bin_2.fna	1.0
data/bin_2.fna	NODE_592_length_4871_cov_0.181053	data/bin_2.fna	1.0
data/bin_2.fna	NODE_593_length_4864_cov_0.192494	data/bin_2.fna	1.0
data/bin_2.fna	NODE_595_length_4846_cov_0.194709	data/bin_2.fna	1.0
data/bin_2.fna	NODE_596_length_4846_cov_0.177778	data/bin_2.fna	1.0
data/bin_2.fna	NODE_598_length_4835_cov_0.170768	data/bin_2.fna	1.0
data/bin_2.fna	NODE_599_length_4835_cov_0.169707	data/bin_2.fna	1.0
data/bin_2.fna	NODE_600_length_4822_cov_0.153159	data/bin_2.fna	1.0
data/bin_2.fna	NODE_601_length_4812_cov_0.188872	data/bin_2.fna	1.0
data/bin_2.fna	NODE_602_length_4796_cov_0.228021	data/bin_2.fna	1.0
data/bin_2.fna	NODE_603_length_4751_cov_0.189201	data/bin_2.fna	1.0
data/bin_2.fna	NODE_604_length_4724_cov_0.156202	data/bin_2.fna	1.0
data/bin_2.fna	NODE_605_length_4689_cov_0.187172	data/bin_2.fna	1.0
data/bin_2.fna	NODE_606_length_4679_cov_0.190654	data/bin_2.fna	1.0
data/bin_2.fna	NODE_607_length_4665_cov_0.200704	data/bin_2.fna	1.0
data/bin_2.fna	NODE_608_length_4654_cov_0.176042	data/bin_2.fna	1.0
data/bin_2.fna	NODE_609_length_4604_cov_0.213027	data/bin_2.fna	1.0
data/bin_2.fna	NODE_610_length_4603_cov_0.191432	data/bin_2.fna	1.0
data/bin_2.fna	NODE_611_length_4578_cov_0.238950	data/bin_2.fna	1.0
data/bin_2.fna	NODE_612_length_4575_cov_0.183655	data/bin_2.fna	1.0
data/bin_2.fna	NODE_614_length_4558_cov_0.169033	data/bin_2.fna	1.0
data/bin_2.fna	NODE_616_length_4545_cov_0.175859	data/bin_2.fna	1.0
data/bin_2.fna	NODE_617_length_4542_cov_0.177109	data/bin_2.fna	1.0
data/bin_2.fna	NODE_618_length_4517_cov_0.186306	data/bin_2.fna	1.0
data/bin_2.fna	NODE_619_length_4465_cov_0.187615	data/bin_2.fna	1.0
data/bin_2.fna	NODE_620_length_4384_cov_0.155993	data/bin_2.fna	1.0
data/bin_2.fna	NODE_622_length_4367_cov_0.158738	data/bin_2.fna	1.0
data/bin_2.fna	NODE_623_length_4343_cov_0.171720	data/bin_2.fna	1.0
data/bin_2.fna	NODE_625_length_4276_cov_0.202166	data/bin_2.fna	1.0
data/bin_2.fna	NODE_626_length_4259_cov_0.165297	data/bin_2.fna	1.0
data/bin_2.fna	NODE_627_length_4257_cov_0.152079	data/bin_2.fna	1.0
data/bin_2.fna	NODE_628_length_4253_cov_0.196515	data/bin_2.fna	1.0
data/bin_2.fna	NODE_629_length_4236_cov_0.212394	data/bin_2.fna	1.0
data/bin_2.fna	NODE_630_length_4189_cov_0.162979	data/bin_2.fna	1.0
data/bin_2.fna	NODE_631_length_4159_cov_0.226102	data/bin_2.fna	1.0
data/bin_2.fna	NODE_632_length_4126_cov_0.191760	data/bin_2.fna	1.0
data/bin_2.fna	NODE_633_length_4114_cov_0.175307	data/bin_2.fna	1.0
data/bin_2.fna	NODE_634_length_4059_cov_0.163535	data/bin_2.fna	1.0
data/bin_2.fna	NODE_635_length_4053_cov_0.173703	data/bin_2.fna	1.0
data/bin_2.fna	NODE_636_length_3974_cov_0.808980	unassigned	1.0
data/bin_2.fna	NODE_638_length_3958_cov_0.226740	data/bin_2.fna	1.0
data/bin_2.fna	NODE_639_length_3949_cov_0.169279	data/bin_2.fna	1.0
data/bin_2.fna	NODE_640_length_3918_cov_0.173821	data/bin_2.fna	1.0
data/bin_2.fna	NODE_641_length_3918_cov_0.171188	data/bin_2.fna	1.0
data/bin_2.fna	NODE_643_length_3901_cov_0.198148	data/bin_2.fna	1.0
data/bin_2.fna	NODE_645_length_3883_cov_0.188729	data/bin_2.fna	1.0
data/bin_2.fna	NODE_647_length_3788_cov_0.234524	data/bin_2.fna	1.0
data/bin_2.fna	NODE_648_length_3785_cov_0.192959	data/bin_2.fna	1.0
data/bin_2.fna	NODE_649_length_3783_cov_0.212452	data/bin_2.fna	1.0
data/bin_2.fna	NODE_650_length_3782_cov_0.154329	data/bin_2.fna	1.0
data/bin_2.fna	NODE_651_length_3754_cov_0.205065	data/bin_2.fna	1.0
data/bin_2.fna	NODE_652_length_3743_cov_0.218388	data/bin_2.fna	1.0
data/bin_2.fna	NODE_653_length_3737_cov_0.196903	data/bin_2.fna	1.0
data/bin_2.fna	NODE_654_length_3711_cov_0.188022	data/bin_2.fna	1.0
data/bin_2.fna	NODE_657_length_3683_cov_0.194273	data/bin_2.fna	1.0
data/bin_2.fna	NODE_659_length_3657_cov_0.186652	data/bin_2.fna	1.0
data/bin_2.fna	NODE_660_length_3632_cov_0.178012	data/bin_2.fna	1.0
data/bin_2.fna	NODE_661_length_3625_cov_0.175514	data/bin_2.fna	1.0
data/bin_2.fna	NODE_662_length_3619_cov_0.163522	data/bin_2.fna	1.0
data/bin_2.fna	NODE_665_length_3566_cov_0.198839	data/bin_2.fna	1.0
data/bin_2.fna	NODE_669_length_3452_cov_0.160012	data/bin_2.fna	1.0
data/bin_2.fna	NODE_670_length_3449_cov_0.150240	data/bin_2.fna	1.0
data/bin_2.fna	NODE_671_length_3423_cov_0.154755	data/bin_2.fna	1.0
data/bin_2.fna	NODE_672_length_3399_cov_0.188530	data/bin_2.fna	1.0
data/bin_2.fna	NODE_673_length_3385_cov_0.181985	data/bin_2.fna	1.0
data/bin_2.fna	NODE_674_length_3385_cov_0.151654	data/bin_2.fna	1.0
data/bin_2.fna	NODE_675_length_3377_cov_0.247850	data/bin_2.fna	1.0
data/bin_2.fna	NODE_676_length_3368_cov_0.133354	data/bin_2.fna	1.0
data/bin_2.fna	NODE_679_length_3337_cov_0.189677	data/bin_2.fna	1.0
data/bin_2.fna	NODE_680_length_3310_cov_0.138915	data/bin_2.fna	1.0
data/bin_2.fna	NODE_682_length_3295_cov_0.168557	data/bin_2.fna	1.0
data/bin_2.fna	NODE_683_length_3279_cov_0.180494	data/bin_2.fna	1.0
data/bin_2.fna	NODE_684_length_3272_cov_0.434465	data/bin_2.fna	1.0
data/bin_2.fna	NODE_686_length_3238_cov_0.194418	data/bin_2.fna	1.0
data/bin_2.fna	NODE_688_length_3222_cov_0.192519	data/bin_2.fna	1.0
data/bin_2.fna	NODE_689_length_3217_cov_0.188953	data/bin_2.fna	1.0
data/bin_2.fna	NODE_691_length_3189_cov_0.141786	data/bin_2.fna	1.0
data/bin_2.fna	NODE_693_length_3164_cov_0.189944	data/bin_2.fna	1.0
data/bin_2.fna	NODE_694_length_3156_cov_0.170346	data/bin_2.fna	1.0
data/bin_2.fna	NODE_695_length_3116_cov_0.170284	data/bin_2.fna	1.0
data/bin_2.fna	NODE_696_length_3099_cov_0.182673	data/bin_2.fna	1.0
data/bin_2.fna	NODE_697_length_3090_cov_0.198720	data/bin_2.fna	1.0
data/bin_2.fna	NODE_698_length_3069_cov_0.172659	data/bin_2.fna	1.0
data/bin_2.fna	NODE_700_length_3028_cov_0.154111	data/bin_2.fna	1.0
data/bin_2.fna	NODE_703_length_2993_cov_0.164694	data/bin_2.fna	1.0
data/bin_2.fna	NODE_704_length_2981_cov_0.177273	data/bin_2.fna	1.0
data/bin_2.fna	NODE_705_length_2929_cov_0.199430	data/bin_2.fna	1.0
data/bin_2.fna	NODE_706_length_2923_cov_0.238758	data/bin_2.fna	1.0
data/bin_2.fna	NODE_707_length_2921_cov_0.158214	data/bin_2.fna	1.0
data/bin_2.fna	NODE_709_length_2918_cov_0.171255	data/bin_2.fna	1.0
data/bin_2.fna	NODE_710_length_2917_cov_0.139485	data/bin_2.fna	1.0
data/bin_2.fna	NODE_711_length_2911_cov_0.198925	data/bin_2.fna	1.0
data/bin_2.fna	NODE_712_length_2894_cov_0.198341	data/bin_2.fna	1.0
data/bin_2.fna	NODE_714_length_2867_cov_0.182083	data/bin_2.fna	1.0
data/bin_2.fna	NODE_715_length_2867_cov_0.180262	data/bin_2.fna	1.0
data/bin_2.fna	NODE_716_length_2859_cov_0.190285	data/bin_2.fna	1.0
data/bin_2.fna	NODE_718_length_2852_cov_0.206884	data/bin_2.fna	1.0
data/bin_2.fna	NODE_719_length_2845_cov_0.144640	data/bin_2.fna	1.0
data/bin_2.fna	NODE_721_length_2842_cov_0.210217	data/bin_2.fna	1.0
data/bin_2.fna	NODE_723_length_2825_cov_0.173817	data/bin_2.fna	1.0
data/bin_2.fna	NODE_724_length_2810_cov_0.177761	data/bin_2.fna	1.0
data/bin_2.fna	NODE_725_length_2808_cov_0.162263	data/bin_2.fna	1.0
data/bin_2.fna	NODE_726_length_2802_cov_0.176800	data/bin_2.fna	1.0
data/bin_2.fna	NODE_728_length_2789_cov_0.170165	data/bin_2.fna	1.0
data/bin_2.fna	NODE_730_length_2765_cov_0.158850	data/bin_2.fna	1.0
data/bin_2.fna	NODE_731_length_2763_cov_0.160106	data/bin_2.fna	1.0
data/bin_2.fna	NODE_732_length_2736_cov_0.199618	data/bin_2.fna	1.0
data/bin_2.fna	NODE_735_length_2718_cov_0.213323	data/bin_2.fna	1.0
data/bin_2.fna	NODE_736_length_2707_cov_0.265275	data/bin_2.fna	1.0
data/bin_2.fna	NODE_738_length_2683_cov_0.222482	data/bin_2.fna	1.0
data/bin_2.fna	NODE_739_length_2642_cov_2.282428	unassigned	1.0
data/bin_2.fna	NODE_740_length_2625_cov_0.179313	data/bin_2.fna	1.0
data/bin_2.fna	NODE_741_length_2625_cov_0.164936	data/bin_2.fna	1.0
data/bin_2.fna	NODE_742_length_2601_cov_0.183871	data/bin_2.fna	1.0
data/bin_2.fna	NODE_744_length_2582_cov_0.177570	data/bin_2.fna	1.0
data/bin_2.fna	NODE_745_length_2565_cov_0.184124	data/bin_2.fna	1.0
data/bin_2.fna	NODE_747_length_2557_cov_0.174056	data/bin_2.fna	1.0
data/bin_2.fna	NODE_748_length_2553_cov_0.172286	data/bin_2.fna	1.0
data/bin_2.fna	NODE_750_length_2506_cov_0.184486	data/bin_2.fna	1.0
data/bin_2.fna	NODE_751_length_2490_cov_0.503166	data/bin_2.fna	1.0
data/bin_2.fna	NODE_753_length_2484_cov_0.158273	data/bin_2.fna	1.0
data/bin_2.fna	NODE_754_length_2483_cov_0.209992	data/bin_2.fna	1.0
data/bin_2.fna	NODE_756_length_2425_cov_0.201823	data/bin_2.fna	1.0
data/bin_2.fna	NODE_757_length_2424_cov_0.178897	data/bin_2.fna	1.0
data/bin_2.fna	NODE_758_length_2420_cov_0.200522	data/bin_2.fna	1.0
data/bin_2.fna	NODE_760_length_2401_cov_0.170614	data/bin_2.fna	1.0
data/bin_2.fna	NODE_761_length_2394_cov_0.156181	data/bin_2.fna	1.0
data/bin_2.fna	NODE_762_length_2391_cov_0.160793	data/bin_2.fna	1.0
data/bin_2.fna	NODE_764_length_2383_cov_0.163572	data/bin_2.fna	1.0
data/bin_2.fna	NODE_765_length_2368_cov_0.133956	data/bin_2.fna	1.0
data/bin_2.fna	NODE_766_length_2365_cov_0.202763	data/bin_2.fna	1.0
data/bin_2.fna	NODE_767_length_2355_cov_0.132050	data/bin_2.fna	1.0
data/bin_2.fna	NODE_768_length_2341_cov_0.168018	data/bin_2.fna	1.0
data/bin_2.fna	NODE_770_length_2322_cov_0.181736	data/bin_2.fna	1.0
data/bin_2.fna	NODE_771_length_2318_cov_0.213928	data/bin_2.fna	1.0
data/bin_2.fna	NODE_772_length_2304_cov_0.162620	data/bin_2.fna	1.0
data/bin_2.fna	NODE_773_length_2294_cov_0.204786	data/bin_2.fna	1.0
data/bin_2.fna	NODE_774_length_2287_cov_0.210065	data/bin_2.fna	1.0
data/bin_2.fna	NODE_775_length_2257_cov_0.154494	data/bin_2.fna	1.0
data/bin_2.fna	NODE_776_length_2247_cov_0.131232	data/bin_2.fna	1.0
data/bin_2.fna	NODE_777_length_2236_cov_0.191489	data/bin_2.fna	1.0
data/bin_2.fna	NODE_778_length_2229_cov_0.185009	data/bin_2.fna	1.0
data/bin_2.fna	NODE_780_length_2214_cov_0.148113	data/bin_2.fna	1.0
data/bin_2.fna	NODE_781_length_2203_cov_0.134486	data/bin_2.fna	1.0
data/bin_2.fna	NODE_782_length_2200_cov_0.237133	data/bin_2.fna	1.0
data/bin_2.fna	NODE_783_length_2181_cov_0.171359	data/bin_2.fna	1.0
data/bin_2.fna	NODE_785_length_2169_cov_0.210449	data/bin_2.fna	1.0
data/bin_2.fna	NODE_786_length_2168_cov_0.151441	data/bin_2.fna	1.0
data/bin_2.fna	NODE_788_length_2156_cov_0.162162	data/bin_2.fna	1.0
data/bin_2.fna	NODE_791_length_2140_cov_0.503715	data/bin_2.fna	1.0
data/bin_2.fna	NODE_792_length_2138_cov_0.757561	unassigned	1.0
data/bin_2.fna	NODE_793_length_2132_cov_0.190453	data/bin_2.fna	1.0
data/bin_2.fna	NODE_794_length_2125_cov_0.173154	data/bin_2.fna	1.0
data/bin_2.fna	NODE_795_length_2123_cov_0.176823	data/bin_2.fna	1.0
data/bin_2.fna	NODE_796_length_2113_cov_0.197791	data/bin_2.fna	1.0
data/bin_2.fna	NODE_799_length_2067_cov_0.167009	data/bin_2.fna	1.0
data/bin_2.fna	NODE_800_length_2040_cov_0.177176	data/bin_2.fna	1.0
data/bin_2.fna	NODE_802_length_2020_cov_0.200105	data/bin_2.fna	1.0
data/bin_2.fna	NODE_803_length_2018_cov_0.208224	data/bin_2.fna	1.0
data/bin_2.fna	NODE_805_length_2000_cov_0.186269	data/bin_2.fna	1.0
data/bin_2.fna	NODE_806_length_1994_cov_0.167645	data/bin_2.fna	1.0
data/bin_2.fna	NODE_807_length_1984_cov_0.657542	unassigned	1.0
data/bin_2.fna	NODE_809_length_1954_cov_0.207310	data/bin_2.fna	1.0
data/bin_2.fna	NODE_812_length_1951_cov_0.180328	data/bin_2.fna	1.0
data/bin_2.fna	NODE_813_length_1942_cov_0.170236	data/bin_2.fna	1.0
data/bin_2.fna	NODE_815_length_1930_cov_0.216142	data/bin_2.fna	1.0
data/bin_2.fna	NODE_817_length_1920_cov_0.219566	data/bin_2.fna	1.0
data/bin_2.fna	NODE_818_length_1894_cov_0.157924	data/bin_2.fna	1.0
data/bin_2.fna	NODE_820_length_1844_cov_0.194428	data/bin_2.fna	1.0
data/bin_2.fna	NODE_823_length_1816_cov_0.211799	data/bin_2.fna	1.0
data/bin_2.fna	NODE_825_length_1813_cov_0.195035	data/bin_2.fna	1.0
data/bin_2.fna	NODE_827_length_1779_cov_0.196019	data/bin_2.fna	1.0
data/bin_2.fna	NODE_828_length_1760_cov_0.242221	data/bin_2.fna	1.0
data/bin_2.fna	NODE_829_length_1754_cov_0.167177	data/bin_2.fna	1.0
data/bin_2.fna	NODE_830_length_1752_cov_0.200490	data/bin_2.fna	1.0
data/bin_2.fna	NODE_833_length_1739_cov_0.213226	data/bin_2.fna	1.0
data/bin_2.fna	NODE_838_length_1706_cov_0.176656	data/bin_2.fna	1.0
data/bin_2.fna	NODE_841_length_1700_cov_0.107663	data/bin_2.fna	1.0
data/bin_2.fna	NODE_843_length_1699_cov_0.230672	data/bin_2.fna	1.0
data/bin_2.fna	NODE_846_length_1689_cov_0.686862	unassigned	1.0
data/bin_2.fna	NODE_849_length_1686_cov_0.175080	data/bin_2.fna	1.0
data/bin_2.fna	NODE_850_length_1682_cov_0.166560	data/bin_2.fna	1.0
data/bin_2.fna	NODE_851_length_1680_cov_0.146248	data/bin_2.fna	1.0
data/bin_2.fna	NODE_852_length_1668_cov_0.155139	data/bin_2.fna	1.0
data/bin_2.fna	NODE_854_length_1640_cov_0.220540	data/bin_2.fna	1.0
data/bin_2.fna	NODE_857_length_1609_cov_0.199597	data/bin_2.fna	1.0
data/bin_2.fna	NODE_858_length_1608_cov_0.330195	data/bin_2.fna	1.0
data/bin_2.fna	NODE_860_length_1596_cov_0.189831	data/bin_2.fna	1.0
data/bin_2.fna	NODE_862_length_1592_cov_0.214140	data/bin_2.fna	1.0
data/bin_2.fna	NODE_863_length_1590_cov_0.176991	data/bin_2.fna	1.0
data/bin_2.fna	NODE_864_length_1590_cov_0.167461	data/bin_2.fna	1.0
data/bin_2.fna	NODE_865_length_1584_cov_0.201640	data/bin_2.fna	1.0
data/bin_2.fna	NODE_866_length_1583_cov_0.171683	data/bin_2.fna	1.0
data/bin_2.fna	NODE_867_length_1579_cov_0.189986	data/bin_2.fna	1.0
data/bin_2.fna	NODE_869_length_1565_cov_0.155817	data/bin_2.fna	1.0
data/bin_2.fna	NODE_870_length_1558_cov_0.233820	data/bin_2.fna	1.0
data/bin_2.fna	NODE_872_length_1537_cov_0.172316	data/bin_2.fna	1.0
data/bin_2.fna	NODE_875_length_1525_cov_0.202991	data/bin_2.fna	1.0
data/bin_2.fna	NODE_876_length_1521_cov_0.160714	data/bin_2.fna	1.0
data/bin_2.fna	NODE_877_length_1516_cov_0.714695	unassigned	1.0
data/bin_2.fna	NODE_878_length_1510_cov_0.151188	data/bin_2.fna	1.0
data/bin_3.fna	NODE_102_length_83100_cov_0.261512	data/bin_3.fna	1.0
data/bin_3.fna	NODE_103_length_82994_cov_0.290155	data/bin_3.fna	1.0
data/bin_3.fna	NODE_106_length_77638_cov_0.262265	data/bin_3.fna	1.0
data/bin_3.fna	NODE_111_length_74909_cov_0.249840	data/bin_3.fna	1.0
data/bin_3.fna	NODE_113_length_74692_cov_0.258210	data/bin_3.fna	1.0
data/bin_3.fna	NODE_115_length_73675_cov_0.282282	data/bin_3.fna	1.0
data/bin_3.fna	NODE_116_length_73068_cov_0.246878	data/bin_3.fna	1.0
data/bin_3.fna	NODE_126_length_65956_cov_0.269416	data/bin_3.fna	1.0
data/bin_3.fna	NODE_128_length_64640_cov_0.259040	data/bin_3.fna	1.0
data/bin_3.fna	NODE_144_length_56620_cov_0.242376	data/bin_3.fna	1.0
data/bin_3.fna	NODE_146_length_54614_cov_0.257042	data/bin_3.fna	1.0
data/bin_3.fna	NODE_150_length_53555_cov_0.264532	data/bin_3.fna	1.0
data/bin_3.fna	NODE_154_length_49278_cov_0.256159	data/bin_3.fna	1.0
data/bin_3.fna	NODE_159_length_47599_cov_0.258562	data/bin_3.fna	1.0
data/bin_3.fna	NODE_160_length_47482_cov_0.264458	data/bin_3.fna	1.0
data/bin_3.fna	NODE_164_length_46235_cov_0.246693	data/bin_3.fna	1.0
data/bin_3.fna	NODE_171_length_45298_cov_0.355380	data/bin_3.fna	1.0
data/bin_3.fna	NODE_175_length_44237_cov_0.287084	data/bin_3.fna	1.0
data/bin_3.fna	NODE_177_length_43750_cov_0.261844	data/bin_3.fna	1.0
data/bin_3.fna	NODE_179_length_43047_cov_0.253529	data/bin_3.fna	1.0
data/bin_3.fna	NODE_181_length_42830_cov_0.260741	data/bin_3.fna	1.0
data/bin_3.fna	NODE_189_length_40938_cov_0.240660	data/bin_3.fna	1.0
data/bin_3.fna	NODE_193_length_39011_cov_0.266470	data/bin_3.fna	1.0
data/bin_3.fna	NODE_196_length_38552_cov_0.269626	data/bin_3.fna	1.0
data/bin_3.fna	NODE_197_length_37892_cov_0.244923	data/bin_3.fna	1.0
data/bin_3.fna	NODE_198_length_37670_cov_0.253589	data/bin_3.fna	1.0
data/bin_3.fna	NODE_205_length_33809_cov_0.258015	data/bin_3.fna	1.0
data/bin_3.fna	NODE_206_length_33425_cov_0.269847	data/bin_3.fna	1.0
data/bin_3.fna	NODE_213_length_32360_cov_0.264524	data/bin_3.fna	1.0
data/bin_3.fna	NODE_224_length_28591_cov_0.245030	data/bin_3.fna	1.0
data/bin_3.fna	NODE_225_length_28501_cov_0.273573	data/bin_3.fna	1.0
data/bin_3.fna	NODE_231_length_26581_cov_0.259675	data/bin_3.fna	1.0
data/bin_3.fna	NODE_240_length_24240_cov_0.245118	data/bin_3.fna	1.0
data/bin_3.fna	NODE_242_length_24094_cov_0.269386	data/bin_3.fna	1.0
data/bin_3.fna	NODE_243_length_23996_cov_0.244188	data/bin_3.fna	1.0
data/bin_3.fna	NODE_250_length_22474_cov_0.248065	data/bin_3.fna	1.0
data/bin_3.fna	NODE_265_length_20399_cov_0.295690	data/bin_3.fna	1.0
data/bin_3.fna	NODE_267_length_20074_cov_0.256453	data/bin_3.fna	1.0
data/bin_3.fna	NODE_272_length_19679_cov_0.245117	data/bin_3.fna	1.0
data/bin_3.fna	NODE_275_length_19509_cov_0.238808	data/bin_3.fna	1.0
data/bin_3.fna	NODE_279_length_19119_cov_0.259554	data/bin_3.fna	1.0
data/bin_3.fna	NODE_285_length_18142_cov_0.257255	data/bin_3.fna	1.0
data/bin_3.fna	NODE_291_length_17785_cov_0.253680	data/bin_3.fna	1.0
data/bin_3.fna	NODE_294_length_17222_cov_0.257412	data/bin_3.fna	1.0
data/bin_3.fna	NODE_297_length_16653_cov_0.234031	data/bin_3.fna	1.0
data/bin_3.fna	NODE_308_length_15216_cov_0.248824	data/bin_3.fna	1.0
data/bin_3.fna	NODE_323_length_14184_cov_0.269146	data/bin_3.fna	1.0
data/bin_3.fna	NODE_333_length_13317_cov_0.274704	data/bin_3.fna	1.0
data/bin_3.fna	NODE_364_length_12001_cov_0.238131	data/bin_3.fna	1.0
data/bin_3.fna	NODE_368_length_11804_cov_0.265257	data/bin_3.fna	1.0
data/bin_3.fna	NODE_374_length_11169_cov_0.264301	data/bin_3.fna	1.0
data/bin_3.fna	NODE_453_length_8220_cov_0.241264	data/bin_3.fna	1.0
data/bin_3.fna	NODE_460_length_7835_cov_0.260565	data/bin_3.fna	1.0
data/bin_3.fna	NODE_46_length_186282_cov_0.255381	data/bin_3.fna	1.0
data/bin_3.fna	NODE_525_length_6183_cov_0.233421	data/bin_3.fna	1.0
data/bin_3.fna	NODE_536_length_6002_cov_0.277164	data/bin_3.fna	1.0
data/bin_3.fna	NODE_53_length_163349_cov_0.252555	data/bin_3.fna	1.0
data/bin_3.fna	NODE_556_length_5569_cov_0.253855	data/bin_3.fna	1.0
data/bin_3.fna	NODE_569_length_5335_cov_0.263138	data/bin_3.fna	1.0
data/bin_3.fna	NODE_574_length_5179_cov_0.254053	data/bin_3.fna	1.0
data/bin_3.fna	NODE_580_length_5117_cov_0.267214	data/bin_3.fna	1.0
data/bin_3.fna	NODE_584_length_5049_cov_0.218953	data/bin_3.fna	1.0
data/bin_3.fna	NODE_597_length_4838_cov_0.214755	data/bin_3.fna	1.0
data/bin_3.fna	NODE_644_length_3886_cov_0.255511	data/bin_3.fna	1.0
data/bin_3.fna	NODE_666_length_3559_cov_0.242292	data/bin_3.fna	1.0
data/bin_3.fna	NODE_677_length_3346_cov_0.280310	data/bin_3.fna	1.0
data/bin_3.fna	NODE_70_length_132434_cov_0.251200	data/bin_3.fna	1.0
data/bin_3.fna	NODE_746_length_2559_cov_0.319524	data/bin_3.fna	1.0
data/bin_3.fna	NODE_74_length_129650_cov_0.256977	data/bin_3.fna	1.0
data/bin_3.fna	NODE_75_length_121437_cov_0.254006	data/bin_3.fna	1.0
data/bin_3.fna	NODE_779_length_2214_cov_0.277114	data/bin_3.fna	1.0
data/bin_3.fna	NODE_787_length_2163_cov_0.201763	data/bin_3.fna	1.0
data/bin_3.fna	NODE_797_length_2106_cov_0.328463	data/bin_3.fna	1.0
data/bin_3.fna	NODE_814_length_1941_cov_0.285714	data/bin_3.fna	1.0
data/bin_3.fna	NODE_840_length_1700_cov_0.291324	data/bin_3.fna	1.0
data/bin_3.fna	NODE_84_length_109185_cov_0.252613	data/bin_3.fna	1.0
data/bin_3.fna	NODE_91_length_101427_cov_0.259728	data/bin_3.fna	1.0
data/bin_4.fna	NODE_100_length_85201_cov_1.139951	data/bin_4.fna	1.0
data/bin_4.fna	NODE_107_length_77458_cov_1.120059	data/bin_4.fna	1.0
data/bin_4.fna	NODE_108_length_77448_cov_1.231446	data/bin_4.fna	1.0
data/bin_4.fna	NODE_110_length_76915_cov_1.128122	data/bin_4.fna	1.0
data/bin_4.fna	NODE_119_length_72233_cov_1.149406	data/bin_4.fna	1.0
data/bin_4.fna	NODE_121_length_72107_cov_1.130734	data/bin_4.fna	1.0
data/bin_4.fna	NODE_134_length_62884_cov_1.144321	data/bin_4.fna	1.0
data/bin_4.fna	NODE_137_length_60478_cov_1.126564	data/bin_4.fna	1.0
data/bin_4.fna	NODE_145_length_55702_cov_1.112215	data/bin_4.fna	1.0
data/bin_4.fna	NODE_151_length_51359_cov_1.708907	data/bin_4.fna	1.0
data/bin_4.fna	NODE_152_length_50662_cov_1.165588	data/bin_4.fna	1.0
data/bin_4.fna	NODE_153_length_49841_cov_1.272647	data/bin_4.fna	1.0
data/bin_4.fna	NODE_162_length_47019_cov_4.246151	data/bin_8.fna	1.0
data/bin_4.fna	NODE_165_length_46010_cov_1.134411	data/bin_4.fna	1.0
data/bin_4.fna	NODE_167_length_45730_cov_1.115591	data/bin_4.fna	1.0
data/bin_4.fna	NODE_169_length_45684_cov_1.129952	data/bin_4.fna	1.0
data/bin_4.fna	NODE_178_length_43052_cov_1.252382	data/bin_4.fna	1.0
data/bin_4.fna	NODE_183_length_42612_cov_1.202819	data/bin_4.fna	1.0
data/bin_4.fna	NODE_188_length_41256_cov_1.130157	data/bin_4.fna	1.0
data/bin_4.fna	NODE_190_length_39527_cov_1.107268	data/bin_4.fna	1.0
data/bin_4.fna	NODE_194_length_38971_cov_1.117143	data/bin_4.fna	1.0
data/bin_4.fna	NODE_195_length_38782_cov_1.110240	data/bin_4.fna	1.0
data/bin_4.fna	NODE_199_length_37590_cov_1.124690	data/bin_4.fna	1.0
data/bin_4.fna	NODE_202_length_34891_cov_1.120420	data/bin_4.fna	1.0
data/bin_4.fna	NODE_211_length_32563_cov_1.134116	data/bin_4.fna	1.0
data/bin_4.fna	NODE_212_length_32402_cov_1.125833	data/bin_4.fna	1.0
data/bin_4.fna	NODE_222_length_28876_cov_1.153643	data/bin_4.fna	1.0
data/bin_4.fna	NODE_234_length_25726_cov_1.075259	data/bin_4.fna	1.0
data/bin_4.fna	NODE_235_length_25389_cov_1.149003	data/bin_4.fna	1.0
data/bin_4.fna	NODE_244_length_23778_cov_1.115146	data/bin_4.fna	1.0
data/bin_4.fna	NODE_251_length_22465_cov_1.127999	data/bin_4.fna	1.0
data/bin_4.fna	NODE_258_length_21281_cov_1.157372	data/bin_4.fna	1.0
data/bin_4.fna	NODE_262_length_20656_cov_1.149550	data/bin_4.fna	1.0
data/bin_4.fna	NODE_288_length_18049_cov_1.596107	data/bin_4.fna	1.0
data/bin_4.fna	NODE_301_length_15818_cov_1.124036	data/bin_4.fna	1.0
data/bin_4.fna	NODE_309_length_15214_cov_1.080435	data/bin_4.fna	1.0
data/bin_4.fna	NODE_319_length_14362_cov_1.131943	data/bin_4.fna	1.0
data/bin_4.fna	NODE_351_length_12681_cov_1.204936	data/bin_4.fna	1.0
data/bin_4.fna	NODE_354_length_12537_cov_1.115657	data/bin_4.fna	1.0
data/bin_4.fna	NODE_365_length_11994_cov_1.445549	data/bin_4.fna	1.0
data/bin_4.fna	NODE_395_length_10042_cov_1.149179	data/bin_4.fna	1.0
data/bin_4.fna	NODE_397_length_9998_cov_1.096689	data/bin_4.fna	1.0
data/bin_4.fna	NODE_400_length_9909_cov_1.096853	data/bin_4.fna	1.0
data/bin_4.fna	NODE_410_length_9455_cov_1.083994	data/bin_4.fna	1.0
data/bin_4.fna	NODE_512_length_6388_cov_1.064146	data/bin_4.fna	1.0
data/bin_4.fna	NODE_514_length_6346_cov_1.124016	data/bin_4.fna	1.0
data/bin_4.fna	NODE_54_length_160826_cov_1.123462	data/bin_4.fna	1.0
data/bin_4.fna	NODE_55_length_158395_cov_1.135272	data/bin_4.fna	1.0
data/bin_4.fna	NODE_60_length_154193_cov_1.119457	data/bin_4.fna	1.0
data/bin_4.fna	NODE_621_length_4379_cov_1.245420	data/bin_4.fna	1.0
data/bin_4.fna	NODE_655_length_3699_cov_1.176356	data/bin_4.fna	1.0
data/bin_4.fna	NODE_678_length_3339_cov_1.233686	data/bin_4.fna	1.0
data/bin_4.fna	NODE_67_length_139246_cov_1.330013	data/bin_4.fna	1.0
data/bin_4.fna	NODE_734_length_2732_cov_1.244734	data/bin_4.fna	1.0
data/bin_4.fna	NODE_743_length_2593_cov_1.171117	data/bin_4.fna	1.0
data/bin_4.fna	NODE_752_length_2488_cov_1.118716	data/bin_4.fna	1.0
data/bin_4.fna	NODE_78_length_117844_cov_1.131988	data/bin_4.fna	1.0
data/bin_4.fna	NODE_80_length_115656_cov_1.117194	data/bin_4.fna	1.0
data/bin_4.fna	NODE_822_length_1818_cov_11.691220	data/bin_8.fna	1.0
data/bin_4.fna	NODE_82_length_110802_cov_1.134820	data/bin_4.fna	1.0
data/bin_4.fna	NODE_831_length_1749_cov_1.171376	data/bin_4.fna	1.0
data/bin_4.fna	NODE_832_length_1747_cov_1.148216	data/bin_4.fna	1.0
data/bin_4.fna	NODE_835_length_1722_cov_0.971268	data/bin_4.fna	1.0
data/bin_4.fna	NODE_92_length_100802_cov_1.113189	data/bin_4.fna	1.0
data/bin_5.fna	NODE_104_length_79505_cov_0.368702	data/bin_5.fna	1.0
data/bin_5.fna	NODE_105_length_77953_cov_0.382490	data/bin_5.fna	1.0
data/bin_5.fna	NODE_10_length_365935_cov_0.372504	data/bin_5.fna	1.0
data/bin_5.fna	NODE_112_length_74888_cov_0.376329	data/bin_5.fna	1.0
data/bin_5.fna	NODE_114_length_73768_cov_0.381944	data/bin_5.fna	1.0
data/bin_5.fna	NODE_129_length_64636_cov_0.381663	data/bin_5.fna	1.0
data/bin_5.fna	NODE_140_length_58456_cov_0.402966	data/bin_5.fna	1.0
data/bin_5.fna	NODE_142_length_57571_cov_0.366754	data/bin_5.fna	1.0
data/bin_5.fna	NODE_148_length_54084_cov_0.381354	data/bin_5.fna	1.0
data/bin_5.fna	NODE_156_length_48598_cov_0.382119	data/bin_5.fna	1.0
data/bin_5.fna	NODE_15_length_331965_cov_0.372371	data/bin_5.fna	1.0
data/bin_5.fna	NODE_176_length_44035_cov_0.373412	data/bin_5.fna	1.0
data/bin_5.fna	NODE_17_length_326226_cov_0.377035	data/bin_5.fna	1.0
data/bin_5.fna	NODE_192_length_39272_cov_0.390641	data/bin_5.fna	1.0
data/bin_5.fna	NODE_201_length_35766_cov_0.369926	data/bin_5.fna	1.0
data/bin_5.fna	NODE_210_length_32623_cov_0.372131	data/bin_5.fna	1.0
data/bin_5.fna	NODE_215_length_31594_cov_0.381851	data/bin_5.fna	1.0
data/bin_5.fna	NODE_21_length_281912_cov_0.371300	data/bin_5.fna	1.0
data/bin_5.fna	NODE_227_length_27779_cov_0.389074	data/bin_5.fna	1.0
data/bin_5.fna	NODE_230_length_26705_cov_0.392416	data/bin_5.fna	1.0
data/bin_5.fna	NODE_241_length_24148_cov_0.452200	data/bin_5.fna	1.0
data/bin_5.fna	NODE_261_length_20675_cov_0.357351	data/bin_5.fna	1.0
data/bin_5.fna	NODE_266_length_20269_cov_0.398104	data/bin_5.fna	1.0
data/bin_5.fna	NODE_26_length_255405_cov_0.376185	data/bin_5.fna	1.0
data/bin_5.fna	NODE_27_length_254816_cov_0.371048	data/bin_5.fna	1.0
data/bin_5.fna	NODE_316_length_14382_cov_0.364140	data/bin_5.fna	1.0
data/bin_5.fna	NODE_317_length_14370_cov_0.378904	data/bin_5.fna	1.0
data/bin_5.fna	NODE_332_length_13400_cov_0.373371	data/bin_5.fna	1.0
data/bin_5.fna	NODE_39_length_230023_cov_0.379140	data/bin_5.fna	1.0
data/bin_5.fna	NODE_40_length_221629_cov_0.371404	data/bin_5.fna	1.0
data/bin_5.fna	NODE_42_length_212155_cov_0.374426	data/bin_5.fna	1.0
data/bin_5.fna	NODE_44_length_196862_cov_0.376088	data/bin_5.fna	1.0
data/bin_5.fna	NODE_477_length_7497_cov_0.188991	data/bin_5.fna	1.0
data/bin_5.fna	NODE_48_length_184430_cov_0.375261	data/bin_5.fna	1.0
data/bin_5.fna	NODE_51_length_178911_cov_0.385077	data/bin_5.fna	1.0
data/bin_5.fna	NODE_553_length_5649_cov_0.415521	data/bin_5.fna	1.0
data/bin_5.fna	NODE_573_length_5233_cov_0.336854	data/bin_5.fna	1.0
data/bin_5.fna	NODE_57_length_158120_cov_0.378762	data/bin_5.fna	1.0
data/bin_5.fna	NODE_58_length_156922_cov_0.372051	data/bin_5.fna	1.0
data/bin_5.fna	NODE_59_length_155394_cov_0.381927	data/bin_5.fna	1.0
data/bin_5.fna	NODE_61_length_151134_cov_0.376107	data/bin_5.fna	1.0
data/bin_5.fna	NODE_667_length_3540_cov_0.166715	data/bin_5.fna	1.0
data/bin_5.fna	NODE_692_length_3171_cov_0.294754	data/bin_5.fna	1.0
data/bin_5.fna	NODE_701_length_3021_cov_0.163448	data/bin_5.fna	1.0
data/bin_5.fna	NODE_713_length_2878_cov_0.398259	data/bin_5.fna	1.0
data/bin_5.fna	NODE_717_length_2858_cov_0.329558	data/bin_5.fna	1.0
data/bin_5.fna	NODE_71_length_131164_cov_0.376892	data/bin_5.fna	1.0
data/bin_5.fna	NODE_729_length_2772_cov_0.184081	data/bin_5.fna	1.0
data/bin_5.fna	NODE_72_length_130463_cov_0.371515	data/bin_5.fna	1.0
data/bin_5.fna	NODE_77_length_118110_cov_0.372382	data/bin_5.fna	1.0
data/bin_5.fna	NODE_79_length_117316_cov_0.377380	data/bin_5.fna	1.0
data/bin_5.fna	NODE_826_length_1788_cov_0.154169	data/bin_5.fna	1.0
data/bin_5.fna	NODE_837_length_1719_cov_0.146433	data/bin_5.fna	1.0
data/bin_5.fna	NODE_848_length_1686_cov_0.184026	data/bin_5.fna	1.0
data/bin_5.fna	NODE_855_length_1625_cov_0.123005	data/bin_5.fna	1.0
data/bin_5.fna	NODE_861_length_1593_cov_0.144701	data/bin_5.fna	1.0
data/bin_5.fna	NODE_868_length_1567_cov_0.168050	data/bin_5.fna	1.0
data/bin_5.fna	NODE_86_length_107174_cov_0.378037	data/bin_5.fna	1.0
data/bin_5.fna	NODE_871_length_1548_cov_0.094604	data/bin_5.fna	1.0
data/bin_5.fna	NODE_873_length_1532_cov_0.257264	data/bin_5.fna	1.0
data/bin_5.fna	NODE_87_length_106766_cov_0.369825	data/bin_5.fna	1.0
data/bin_5.fna	NODE_89_length_102286_cov_0.358743	data/bin_5.fna	1.0
data/bin_5.fna	NODE_8_length_415966_cov_0.375614	data/bin_5.fna	1.0
data/bin_5.fna	NODE_94_length_96155_cov_0.367818	data/bin_5.fna	1.0
data/bin_5.fna	NODE_95_length_91726_cov_0.379357	data/bin_5.fna	1.0
data/bin_5.fna	NODE_96_length_91230_cov_0.379205	data/bin_5.fna	1.0
data/bin_6.fna	NODE_158_length_47956_cov_0.381603	data/bin_6.fna	1.0
data/bin_6.fna	NODE_19_length_292112_cov_0.373169	data/bin_6.fna	1.0
data/bin_6.fna	NODE_24_length_266838_cov_0.371397	data/bin_6.fna	1.0
data/bin_6.fna	NODE_31_length_247431_cov_0.373159	data/bin_6.fna	1.0
data/bin_6.fna	NODE_3_length_835083_cov_0.372460	data/bin_6.fna	1.0
data/bin_6.fna	NODE_41_length_220355_cov_0.372849	data/bin_6.fna	1.0
data/bin_6.fna	NODE_49_length_179785_cov_0.373141	data/bin_6.fna	1.0
data/bin_6.fna	NODE_65_length_140217_cov_0.374044	data/bin_6.fna	1.0
data/bin_6.fna	NODE_6_length_586102_cov_0.372614	data/bin_6.fna	1.0
data/bin_7.fna	NODE_101_length_84984_cov_0.656399	data/bin_7.fna	1.0
data/bin_7.fna	NODE_109_length_77276_cov_0.646711	data/bin_7.fna	1.0
data/bin_7.fna	NODE_118_length_72463_cov_0.641052	data/bin_7.fna	1.0
data/bin_7.fna	NODE_120_length_72161_cov_0.701916	data/bin_7.fna	1.0
data/bin_7.fna	NODE_131_length_63249_cov_0.755513	data/bin_7.fna	1.0
data/bin_7.fna	NODE_132_length_63235_cov_0.653579	data/bin_7.fna	1.0
data/bin_7.fna	NODE_133_length_63091_cov_0.667032	data/bin_7.fna	1.0
data/bin_7.fna	NODE_139_length_60037_cov_0.664981	data/bin_7.fna	1.0
data/bin_7.fna	NODE_141_length_57604_cov_0.665605	data/bin_7.fna	1.0
data/bin_7.fna	NODE_147_length_54334_cov_0.676609	data/bin_7.fna	1.0
data/bin_7.fna	NODE_157_length_48369_cov_0.640524	data/bin_7.fna	1.0
data/bin_7.fna	NODE_161_length_47222_cov_0.637736	data/bin_7.fna	1.0
data/bin_7.fna	NODE_163_length_46347_cov_0.665015	data/bin_7.fna	1.0
data/bin_7.fna	NODE_170_length_45316_cov_0.671114	data/bin_7.fna	1.0
data/bin_7.fna	NODE_172_length_44579_cov_0.673107	data/bin_7.fna	1.0
data/bin_7.fna	NODE_173_length_44491_cov_0.787131	data/bin_7.fna	1.0
data/bin_7.fna	NODE_184_length_42399_cov_0.636241	data/bin_7.fna	1.0
data/bin_7.fna	NODE_200_length_36887_cov_0.626530	data/bin_7.fna	1.0
data/bin_7.fna	NODE_216_length_31224_cov_0.659261	data/bin_7.fna	1.0
data/bin_7.fna	NODE_219_length_30036_cov_0.639211	data/bin_7.fna	1.0
data/bin_7.fna	NODE_221_length_28929_cov_0.624965	data/bin_7.fna	1.0
data/bin_7.fna	NODE_229_length_26894_cov_0.661562	data/bin_7.fna	1.0
data/bin_7.fna	NODE_246_length_23439_cov_0.645253	data/bin_7.fna	1.0
data/bin_7.fna	NODE_247_length_23297_cov_0.639368	data/bin_7.fna	1.0
data/bin_7.fna	NODE_255_length_21639_cov_1.522307	data/bin_7.fna	1.0
data/bin_7.fna	NODE_263_length_20578_cov_1.061544	data/bin_7.fna	1.0
data/bin_7.fna	NODE_268_length_19975_cov_0.659766	data/bin_7.fna	1.0
data/bin_7.fna	NODE_274_length_19590_cov_0.661205	data/bin_7.fna	1.0
data/bin_7.fna	NODE_277_length_19199_cov_0.663854	data/bin_7.fna	1.0
data/bin_7.fna	NODE_278_length_19196_cov_0.650223	data/bin_7.fna	1.0
data/bin_7.fna	NODE_281_length_18545_cov_1.327508	data/bin_7.fna	1.0
data/bin_7.fna	NODE_283_length_18217_cov_0.645557	data/bin_7.fna	1.0
data/bin_7.fna	NODE_286_length_18075_cov_0.634789	data/bin_7.fna	1.0
data/bin_7.fna	NODE_28_length_252961_cov_0.642691	data/bin_7.fna	1.0
data/bin_7.fna	NODE_303_length_15612_cov_0.629591	data/bin_7.fna	1.0
data/bin_7.fna	NODE_310_length_14852_cov_0.617066	data/bin_7.fna	1.0
data/bin_7.fna	NODE_312_length_14750_cov_0.656846	data/bin_7.fna	1.0
data/bin_7.fna	NODE_313_length_14708_cov_0.675327	data/bin_7.fna	1.0
data/bin_7.fna	NODE_326_length_13938_cov_0.650069	data/bin_7.fna	1.0
data/bin_7.fna	NODE_328_length_13609_cov_0.667408	data/bin_7.fna	1.0
data/bin_7.fna	NODE_330_length_13531_cov_0.653020	data/bin_7.fna	1.0
data/bin_7.fna	NODE_342_length_13023_cov_0.615718	data/bin_7.fna	1.0
data/bin_7.fna	NODE_348_length_12801_cov_0.639274	data/bin_7.fna	1.0
data/bin_7.fna	NODE_35_length_238022_cov_0.671082	data/bin_7.fna	1.0
data/bin_7.fna	NODE_37_length_235394_cov_0.656998	data/bin_7.fna	1.0
data/bin_7.fna	NODE_405_length_9752_cov_0.696086	data/bin_7.fna	1.0
data/bin_7.fna	NODE_409_length_9461_cov_0.661028	data/bin_7.fna	1.0
data/bin_7.fna	NODE_421_length_9163_cov_0.668436	data/bin_7.fna	1.0
data/bin_7.fna	NODE_426_length_9025_cov_0.655099	data/bin_7.fna	1.0
data/bin_7.fna	NODE_432_length_8864_cov_0.670708	data/bin_7.fna	1.0
data/bin_7.fna	NODE_487_length_7213_cov_0.655245	data/bin_7.fna	1.0
data/bin_7.fna	NODE_50_length_179569_cov_0.671208	data/bin_7.fna	1.0
data/bin_7.fna	NODE_542_length_5867_cov_0.627915	data/bin_7.fna	1.0
data/bin_7.fna	NODE_575_length_5166_cov_0.687215	data/bin_7.fna	1.0
data/bin_7.fna	NODE_581_length_5073_cov_0.693457	data/bin_7.fna	1.0
data/bin_7.fna	NODE_586_length_5008_cov_0.589114	data/bin_7.fna	1.0
data/bin_7.fna	NODE_624_length_4333_cov_0.594255	data/bin_7.fna	1.0
data/bin_7.fna	NODE_62_length_149231_cov_0.651754	data/bin_7.fna	1.0
data/bin_7.fna	NODE_642_length_3904_cov_0.656093	data/bin_7.fna	1.0
data/bin_7.fna	NODE_646_length_3827_cov_0.636805	data/bin_7.fna	1.0
data/bin_7.fna	NODE_656_length_3686_cov_0.674334	data/bin_7.fna	1.0
data/bin_7.fna	NODE_685_length_3259_cov_0.558636	data/bin_7.fna	1.0
data/bin_7.fna	NODE_69_length_134144_cov_0.671056	data/bin_7.fna	1.0
data/bin_7.fna	NODE_733_length_2733_cov_0.634380	data/bin_7.fna	1.0
data/bin_7.fna	NODE_73_length_130154_cov_0.648889	data/bin_7.fna	1.0
data/bin_7.fna	NODE_763_length_2384_cov_0.714096	data/bin_7.fna	1.0
data/bin_7.fna	NODE_769_length_2338_cov_0.752819	data/bin_7.fna	1.0
data/bin_7.fna	NODE_821_length_1822_cov_0.584950	data/bin_7.fna	1.0
data/bin_7.fna	NODE_839_length_1702_cov_0.616698	data/bin_7.fna	1.0
data/bin_7.fna	NODE_842_length_1699_cov_1.045627	data/bin_7.fna	1.0
data/bin_7.fna	NODE_856_length_1612_cov_0.522468	data/bin_7.fna	1.0
data/bin_7.fna	NODE_85_length_108052_cov_0.656679	data/bin_7.fna	1.0
data/bin_7.fna	NODE_874_length_1527_cov_0.531294	data/bin_7.fna	1.0
data/bin_7.fna	NODE_97_length_88288_cov_0.655154	data/bin_7.fna	1.0
data/bin_7.fna	NODE_98_length_86068_cov_0.665480	data/bin_7.fna	1.0
data/bin_7.fna	NODE_99_length_85236_cov_0.659801	data/bin_7.fna	1.0
data/bin_8.fna	NODE_117_length_72909_cov_0.747843	data/bin_8.fna	1.0
data/bin_8.fna	NODE_123_length_68223_cov_0.761035	data/bin_8.fna	1.0
data/bin_8.fna	NODE_135_length_61911_cov_0.743923	data/bin_8.fna	1.0
data/bin_8.fna	NODE_143_length_56662_cov_0.756053	data/bin_8.fna	1.0
data/bin_8.fna	NODE_16_length_327269_cov_0.766775	data/bin_8.fna	1.0
data/bin_8.fna	NODE_1_length_1043932_cov_0.753616	data/bin_8.fna	1.0
data/bin_8.fna	NODE_203_length_34680_cov_0.756561	data/bin_8.fna	1.0
data/bin_8.fna	NODE_34_length_242776_cov_0.759523	data/bin_8.fna	0.875
data/bin_8.fna	NODE_38_length_232762_cov_0.759630	data/bin_8.fna	1.0
data/bin_8.fna	NODE_47_length_185439_cov_0.756359	data/bin_8.fna	0.9444444444444444
data/bin_8.fna	NODE_52_length_175166_cov_0.741666	data/bin_8.fna	1.0
data/bin_8.fna	NODE_68_length_135360_cov_0.749148	data/bin_8.fna	1.0
data/bin_9.fna	NODE_12_length_355268_cov_0.517256	data/bin_9.fna	1.0
data/bin_9.fna	NODE_136_length_60578_cov_0.534214	data/bin_9.fna	1.0
data/bin_9.fna	NODE_13_length_349653_cov_0.524032	data/bin_9.fna	1.0
data/bin_9.fna	NODE_149_length_53783_cov_0.529704	data/bin_9.fna	1.0
data/bin_9.fna	NODE_14_length_341762_cov_0.535951	data/bin_9.fna	1.0
data/bin_9.fna	NODE_166_length_46001_cov_0.503989	data/bin_9.fna	1.0
data/bin_9.fna	NODE_18_length_299325_cov_0.521995	data/bin_9.fna	1.0
data/bin_9.fna	NODE_20_length_283234_cov_0.520015	data/bin_9.fna	1.0
data/bin_9.fna	NODE_23_length_272567_cov_0.520243	data/bin_9.fna	1.0
data/bin_9.fna	NODE_254_length_22045_cov_0.518062	data/bin_9.fna	1.0
data/bin_9.fna	NODE_269_length_19967_cov_0.534163	data/bin_9.fna	1.0
data/bin_9.fna	NODE_270_length_19743_cov_0.514474	data/bin_9.fna	1.0
data/bin_9.fna	NODE_32_length_246376_cov_0.518280	data/bin_9.fna	1.0
data/bin_9.fna	NODE_428_length_8989_cov_0.517140	data/bin_9.fna	1.0
data/bin_9.fna	NODE_43_length_203748_cov_0.601065	data/bin_9.fna	1.0
data/bin_9.fna	NODE_4_length_793571_cov_0.517196	data/bin_9.fna	1.0
data/bin_9.fna	NODE_522_length_6224_cov_0.524660	data/bin_9.fna	1.0
data/bin_9.fna	NODE_7_length_451440_cov_0.520754	data/bin_9.fna	1.0
